,Accuracy,Train Losses,Test Losses,MAE
0,0.8780804150453956,[0.6813077390193939],[0.6701327638748364],0.1219195849546044
